<?xml version="1.0" encoding="utf-8" ?><dwsync><file name="about.shtml.mno" server="www.uiowa.edu/production/" local="3310004400" remote="3310004400" /><file name="bickham_1.shtml.mno" server="www.uiowa.edu/production/" local="3309910500" remote="3309910500" /><file name="bickham_note.shtml.mno" server="www.uiowa.edu/production/" local="3309893340" remote="3309893340" /><file name="bio_bickham.shtml.mno" server="www.uiowa.edu/production/" local="3309906300" remote="3309906300" /><file name="bio_birla.shtml.mno" server="www.uiowa.edu/production/" local="3309906960" remote="3309906960" /><file name="bio_boyles.shtml.mno" server="www.uiowa.edu/production/" local="3309907140" remote="2456009173864361156" /><file name="bio_cussen.shtml.mno" server="www.uiowa.edu/production/" local="3309901860" remote="2456009173864355876" /><file name="bio_donnely_miller.shtml.mno" server="www.uiowa.edu/production/" local="3310048200" remote="2460491178396308424" /><file name="bio_montero.shtml.mno" server="www.uiowa.edu/production/" local="3309904260" remote="3309904260" /><file name="bio_thow.shtml.mno" server="www.uiowa.edu/production/" local="3309906720" remote="3309906720" /><file name="birla_1.shtml.mno" server="www.uiowa.edu/production/" local="3310005600" remote="2451130915649924448" /><file name="birla_note.shtml.mno" server="www.uiowa.edu/production/" local="3309987120" remote="3309987120" /><file name="boyles_1.shtml.mno" server="www.uiowa.edu/production/" local="3309910860" remote="3309910860" /><file name="boyles_2.shtml.mno" server="www.uiowa.edu/production/" local="3309992100" remote="3309992100" /><file name="boyles_3.shtml.mno" server="www.uiowa.edu/production/" local="3309995580" remote="3309995580" /><file name="boyles_note.shtml.mno" server="www.uiowa.edu/production/" local="3310009140" remote="3310009140" /><file name="contents.shtml.mno" server="www.uiowa.edu/production/" local="3309985380" remote="2451130915649904228" /><file name="contributors.shtml.mno" server="www.uiowa.edu/production/" local="3309993900" remote="3309993900" /><file name="cussen_1.shtml.mno" server="www.uiowa.edu/production/" local="3309906480" remote="3309906480" /><file name="cussen_2.shtml.mno" server="www.uiowa.edu/production/" local="3309990180" remote="3309990180" /><file name="cussen_3.shtml.mno" server="www.uiowa.edu/production/" local="3310013820" remote="3310013820" /><file name="cussen_note.shtml.mno" server="www.uiowa.edu/production/" local="3310001520" remote="3310001520" /><file name="donnelly_1.shtml.mno" server="www.uiowa.edu/production/" local="3310009800" remote="2451130915649928648" /><file name="donnelly_note.shtml.mno" server="www.uiowa.edu/production/" local="3310011060" remote="3310011060" /><file name="goedde_1.shtml.mno" server="www.uiowa.edu/production/" local="3309907860" remote="3309907860" /><file name="goedde_2.shtml.mno" server="www.uiowa.edu/production/" local="3309992340" remote="3309992340" /><file name="goedde_note.shtml.mno" server="www.uiowa.edu/production/" local="3309992760" remote="3309992760" /><file name="letter.shtml.mno" server="www.uiowa.edu/production/" local="3310008420" remote="3310008420" /><file name="magnusson_note.shtml.mno" server="www.uiowa.edu/production/" local="3309987000" remote="3309987000" /><file name="montero_1.shtml.mno" server="www.uiowa.edu/production/" local="3309906360" remote="3309906360" /><file name="montero_2.shtml.mno" server="www.uiowa.edu/production/" local="3309990000" remote="3309990000" /><file name="montero_note.shtml.mno" server="www.uiowa.edu/production/" local="3309991740" remote="3309991740" /><file name="scudder_1.shtml.mno" server="www.uiowa.edu/production/" local="3309906720" remote="3309906720" /><file name="scudder_2.shtml.mno" server="www.uiowa.edu/production/" local="3309991080" remote="2010131112579986600" /><file name="scudder_3.shtml.mno" server="www.uiowa.edu/production/" local="3309897420" remote="2010131112579892940" /><file name="scudder_5.shtml.mno" server="www.uiowa.edu/production/" local="3309991560" remote="3309991560" /><file name="scudder_6.shtml.mno" server="www.uiowa.edu/production/" local="3309991140" remote="3309991140" /><file name="scudder_7.shtml.mno" server="www.uiowa.edu/production/" local="3309991200" remote="3309991200" /><file name="submissions.shtml.mno" server="www.uiowa.edu/production/" local="3309900540" remote="3309900540" /><file name="thow_1.shtml.mno" server="www.uiowa.edu/production/" local="3309990780" remote="3309990780" /><file name="thow_2.shtml.mno" server="www.uiowa.edu/production/" local="3309990480" remote="3309990480" /><file name="thow_3.shtml.mno" server="www.uiowa.edu/production/" local="3309990600" remote="3309990600" /><file name="thow_note.shtml.mno" server="www.uiowa.edu/production/" local="3309990900" remote="3309990900" /><file name="history.shtml.mno" server="www.uiowa.edu/production/" local="3310008780" remote="3310008780" /><file name="birla_1_old.shtml.mno" server="www.uiowa.edu/production/" local="3309906960" remote="2005914760365427364" /></dwsync>